kind	path	bytes	status_guess
public_html	frontend/public/evidence_vault_console_v20.html	8523	REVIEW_VERSIONED
public_html	frontend/public/executive_mission_dashboard_v40.html	44968	REVIEW_VERSIONED
public_html	frontend/public/executive_mission_dashboard_v_next.html	13225	REVIEW
public_html	frontend/public/field_engineering_mode_v64.html	5290	REVIEW_VERSIONED
public_html	frontend/public/global_mission_scenario_launcher_v39.html	15333	REVIEW_VERSIONED
public_html	frontend/public/infrastructure_digital_twin_v63.html	5556	REVIEW_VERSIONED
public_html	frontend/public/mission_graph_console_v15.html	10656	REVIEW_VERSIONED
public_html	frontend/public/network_journey_world_map_v37.html	14372	REVIEW_VERSIONED
public_html	frontend/public/observability_console_v13.html	8952	REVIEW_VERSIONED
public_html	frontend/public/operational_backup_console_v21.html	7912	REVIEW_VERSIONED
public_html	frontend/public/operator_handbook_console_v23.html	11435	REVIEW_VERSIONED
public_html	frontend/public/portal_index_v19.html	19263	PROMOTE_OR_OFFICIAL_REVIEW_VERSIONED
public_html	frontend/public/restore_readiness_console_v22.html	7597	REVIEW_VERSIONED
public_html	frontend/public/rf_instrumentation_signal_cockpit_v38.html	19694	REVIEW_VERSIONED
public_html	frontend/public/rf_physics_sapienza_console_v86a.html	13039	REVIEW_VERSIONED
public_html	frontend/public/rfpro_fullband_v586.html	17450	REVIEW_VERSIONED
public_html	frontend/public/rfpro_master_v583.html	13671	REVIEW_VERSIONED
public_html	frontend/public/rf_propagation_sandbox_v62.html	8401	REVIEW_VERSIONED
public_html	frontend/public/rfpro_realtime_v585.html	15083	REVIEW_VERSIONED
public_html	frontend/public/rfpro_unified_console.html	27529	REVIEW
public_html	frontend/public/rf_sapienza_console_v84b.html	9867	REVIEW_VERSIONED
public_html	frontend/public/rf_sapienza_console_v84c.html	9956	REVIEW_VERSIONED
public_html	frontend/public/rf_sapienza_console_v84d.html	10041	REVIEW_VERSIONED
public_html	frontend/public/rf_sapienza_console_v84e.html	10685	REVIEW_VERSIONED
public_html	frontend/public/rf_sapienza_console_v84f.html	10760	REVIEW_VERSIONED
public_html	frontend/public/rf_sapienza_console_v84g.html	10825	REVIEW_VERSIONED
public_html	frontend/public/rf_sapienza_console_v84h.html	10834	REVIEW_VERSIONED
public_html	frontend/public/rf_sapienza_console_v84i.html	10898	REVIEW_VERSIONED
public_html	frontend/public/rf_sapienza_console_v84j.html	11097	REVIEW_VERSIONED
public_html	frontend/public/rf_sapienza_console_v84k.html	11347	REVIEW_VERSIONED
public_html	frontend/public/rf_sapienza_console_v84l.html	11691	REVIEW_VERSIONED
public_html	frontend/public/rf_sapienza_console_v84m.html	11847	REVIEW_VERSIONED
public_html	frontend/public/rf_telco_component_library_v76.html	7345	REVIEW_VERSIONED
public_html	frontend/public/rf_telco_knowledge_modules_v61.html	10054	REVIEW_VERSIONED
public_html	frontend/public/rf_telco_knowledge_os_v60.html	9475	REVIEW_VERSIONED
public_html	frontend/public/rf_telco_mission_portal_v35.html	12151	REVIEW_VERSIONED
public_html	frontend/public/rf_telco_visual_cockpit_v36.html	15000	REVIEW_VERSIONED
public_html	frontend/public/runtime_golden_check_console_v29.html	9372	REVIEW_VERSIONED
public_html	frontend/public/sapienza_master_template_doctrine_v85a.html	7521	REVIEW_VERSIONED
public_html	frontend/public/scenario_report_console_v17.html	8421	REVIEW_VERSIONED
public_html	frontend/public/scenario_runner_console_v16.html	8539	REVIEW_VERSIONED
public_html	frontend/public/security_console_v18.html	8030	REVIEW_VERSIONED
public_html	frontend/public/signal_demod_v581.html	8130	REVIEW_VERSIONED
public_html	frontend/public/signal_workbench_v580.html	17115	REVIEW_VERSIONED
public_html	frontend/public/signal_workbench_v582.html	14195	REVIEW_VERSIONED
public_html	frontend/public/timeline_console_v14.html	9203	REVIEW_VERSIONED
public_html	frontend/public/trfmc_3d_rf_asset_renderer_lab_v1.html	25756	REVIEW_VERSIONED
public_html	frontend/public/trfmc_3d_rf_asset_renderer_lab_v1r1_proportions.html	26441	REVIEW_VERSIONED
public_html	frontend/public/trfmc_3d_rf_asset_renderer_lab_v1r2_auto_fit.html	30230	REVIEW_VERSIONED
public_html	frontend/public/trfmc_3d_rf_asset_renderer_webgl_v2.html	35690	REVIEW_VERSIONED
public_html	frontend/public/trfmc_3d_rf_asset_renderer_webgl_v2r1_detail_boost.html	42903	REVIEW_VERSIONED
public_html	frontend/public/trfmc_3d_rf_asset_renderer_webgl_v2r2_reality.html	52209	REVIEW_VERSIONED
public_html	frontend/public/trfmc_5g_core_ran_identity_aka_engine_v1.html	21943	REVIEW_VERSIONED
public_html	frontend/public/trfmc_antenna_rru_ret_cpri_port_mapping_v1.html	4643	REVIEW_VERSIONED
public_html	frontend/public/trfmc_antenna_rru_ret_cpri_port_mapping_v2.html	14386	REVIEW_VERSIONED
public_html	frontend/public/trfmc_antenna_rru_ret_cpri_port_mapping_v3.html	17956	REVIEW_VERSIONED
public_html	frontend/public/trfmc_antenna_rru_ret_cpri_port_mapping_v4_reality.html	20777	REVIEW_VERSIONED
public_html	frontend/public/trfmc_antenna_rru_ret_cpri_port_mapping_v5_reality_asset.html	25796	REVIEW_VERSIONED
public_html	frontend/public/trfmc_antenna_system_explorer_STABLE_CLEAN_RECOVERY.html	101023	REVIEW
public_html	frontend/public/trfmc_antenna_system_explorer_v12_operativo.html	23941	REVIEW_VERSIONED
public_html	frontend/public/trfmc_antenna_system_explorer_v13_premium.html	25431	REVIEW_VERSIONED
public_html	frontend/public/trfmc_antenna_system_explorer_v14_instrument_grade.html	42310	REVIEW_VERSIONED
public_html	frontend/public/trfmc_antenna_system_explorer_v15_instrument_center.html	64844	REVIEW_VERSIONED
public_html	frontend/public/trfmc_antenna_system_explorer_v16_metrology_premium.html	84874	REVIEW_VERSIONED
public_html	frontend/public/trfmc_antenna_system_explorer_v16r1_visible_antenna.html	87077	REVIEW_VERSIONED
public_html	frontend/public/trfmc_antenna_system_explorer_v16r2_clean_dock_layout.html	101037	REVIEW_VERSIONED
public_html	frontend/public/trfmc_antenna_system_explorer_v17_layout_lock_fullscreen.html	124328	REVIEW_VERSIONED
public_html	frontend/public/trfmc_antenna_system_explorer_v1.html	14454	REVIEW_VERSIONED
public_html	frontend/public/trfmc_canonical_navigation_map_v1.html	29644	REVIEW_VERSIONED
public_html	frontend/public/trfmc_change_control_policy_v1.html	3496	REVIEW_VERSIONED
public_html	frontend/public/trfmc_cinematic_command_deck_v87d.html	7194	REVIEW_VERSIONED
public_html	frontend/public/trfmc_cinematic_mission_atlas_v87c.html	7149	REVIEW_VERSIONED
public_html	frontend/public/trfmc_collaudo_report.html	23765	REVIEW
public_html	frontend/public/trfmc_converged_rf_5g_noc_v1.html	27295	REVIEW_VERSIONED
public_html	frontend/public/trfmc_core_network_live_ops_bridge_v1.html	16098	REVIEW_VERSIONED
public_html	frontend/public/trfmc_cyber_rf_intelligence_evidence_v1.html	4703	REVIEW_VERSIONED
public_html	frontend/public/trfmc_datacenter_power_pdu_infrastructure_v1.html	4556	REVIEW_VERSIONED
public_html	frontend/public/trfmc_design_token_audit_v86f.html	8465	REVIEW_VERSIONED
public_html	frontend/public/trfmc_domain_registry_v1.html	49035	REVIEW_VERSIONED
public_html	frontend/public/trfmc_emergency_reset_layout_state.html	1326	REVIEW
public_html	frontend/public/trfmc_engine_promotion_board_v1.html	36899	REVIEW_VERSIONED
public_html	frontend/public/trfmc_enterprise_prime_portal_v1.html	17131	REVIEW_VERSIONED
public_html	frontend/public/trfmc_expansion_hub_v1.html	5261	REVIEW_VERSIONED
public_html	frontend/public/trfmc_fiber_fronthaul_otdr_workbench_v1.html	4632	REVIEW_VERSIONED
public_html	frontend/public/trfmc_fiber_fronthaul_otdr_workbench_v2.html	16158	REVIEW_VERSIONED
public_html	frontend/public/trfmc_final_promotion_gate_v1.html	13595	REVIEW_VERSIONED
public_html	frontend/public/trfmc_first_promotion_batch_v87a.html	8157	REVIEW_VERSIONED
public_html	frontend/public/trfmc_gpu_visual_runtime_lab_v2.html	4813	REVIEW_VERSIONED
public_html	frontend/public/trfmc_home.html	6543	PROMOTE_OR_OFFICIAL_REVIEW
public_html	frontend/public/trfmc_home_v87e.html	7168	PROMOTE_OR_OFFICIAL_REVIEW_VERSIONED
public_html	frontend/public/trfmc_home_v87g.html	6548	PROMOTE_OR_OFFICIAL_REVIEW_VERSIONED
public_html	frontend/public/trfmc.html	6344	PROMOTE_OR_OFFICIAL_REVIEW
public_html	frontend/public/trfmc_instrument_design_system_lab_v1.html	3217	REVIEW_VERSIONED
public_html	frontend/public/trfmc_instrument_os_alignment_v1.html	16366	REVIEW_VERSIONED
public_html	frontend/public/trfmc_integration_control_room.html	12908	PROMOTE_OR_OFFICIAL_REVIEW
public_html	frontend/public/trfmc_integration_control_room_v2.html	3860	PROMOTE_OR_OFFICIAL_REVIEW_VERSIONED
public_html	frontend/public/trfmc_knowledge_base_theory_procedures_v1.html	4521	REVIEW_VERSIONED
public_html	frontend/public/trfmc_master_console_v4.html	11767	REVIEW_VERSIONED
public_html	frontend/public/trfmc_master_digital_twin_console_v1.html	29805	REVIEW_VERSIONED
public_html	frontend/public/trfmc_measurement_chain_dsp_engine_v2.html	17923	REVIEW_VERSIONED
public_html	frontend/public/trfmc_measurement_chain_dsp_engine_v3.html	20530	REVIEW_VERSIONED
public_html	frontend/public/trfmc_microwave_link_operations_center_v1.html	4643	REVIEW_VERSIONED
public_html	frontend/public/trfmc_microwave_link_operations_center_v2.html	15466	REVIEW_VERSIONED
public_html	frontend/public/trfmc_mission_control_home_v87b.html	8841	REVIEW_VERSIONED
public_html	frontend/public/trfmc_official_safe_entrypoint_v6.html	3030	PROMOTE_OR_OFFICIAL_REVIEW_VERSIONED
public_html	frontend/public/trfmc_official_safe_entrypoint_v6r1_flat.html	6813	PROMOTE_OR_OFFICIAL_REVIEW_VERSIONED
public_html	frontend/public/trfmc_official_safe_entrypoint_v6r2_premium_console.html	9627	PROMOTE_OR_OFFICIAL_REVIEW_VERSIONED
public_html	frontend/public/trfmc_official_safe_entrypoint_v6r3_command_center.html	12831	PROMOTE_OR_OFFICIAL_REVIEW_VERSIONED
public_html	frontend/public/trfmc_orphan_consolidation_dossier_v1.html	12411	ARCHIVE_REVIEW_VERSIONED
public_html	frontend/public/trfmc_orphan_quarantine_room_v1.html	7145	ARCHIVE_REVIEW_VERSIONED
public_html	frontend/public/trfmc_orphan_triage_board_v1.html	12211	ARCHIVE_REVIEW_VERSIONED
public_html	frontend/public/trfmc_perfection_authority_v1.html	43304	REVIEW_VERSIONED
public_html	frontend/public/trfmc_perfection_authority_v2_scoped.html	34453	REVIEW_VERSIONED
public_html	frontend/public/trfmc_perfection_authority_v3_scoped.html	32463	REVIEW_VERSIONED
public_html	frontend/public/trfmc_performance_gpu_gate_v86b.html	10643	REVIEW_VERSIONED
public_html	frontend/public/trfmc_performance_gpu_gate_v86b_r1.html	10879	REVIEW_VERSIONED
public_html	frontend/public/trfmc_portal_link_graph_v1.html	7284	REVIEW_VERSIONED
public_html	frontend/public/trfmc_portal_registry_v86c.html	8931	REVIEW_VERSIONED
public_html	frontend/public/trfmc_portal_registry_v86c_r1.html	9003	REVIEW_VERSIONED
public_html	frontend/public/trfmc_post_promotion_control_center_v1.html	3936	REVIEW_VERSIONED
public_html	frontend/public/trfmc_pr200_field_monitoring_receiver_v1.html	16544	REVIEW_VERSIONED
public_html	frontend/public/trfmc_private_networks_wifi7_5g_mesh_v1.html	4588	REVIEW_VERSIONED
public_html	frontend/public/trfmc_realtime_fft_gapless_receiver_lab_v1.html	28067	REVIEW_VERSIONED
public_html	frontend/public/trfmc_reset_browser_state_v6r1.html	647	REVIEW_VERSIONED
public_html	frontend/public/trfmc_rf_antenna_academy_wall_v2_premium.html	31654	REVIEW_VERSIONED
public_html	frontend/public/trfmc_rf_antenna_theory_engine_v1.html	19244	REVIEW_VERSIONED
public_html	frontend/public/trfmc_rf_metrology_calibration_lab_v1.html	29646	REVIEW_VERSIONED
public_html	frontend/public/trfmc_rf_microwave_engineering.html	3066	REVIEW
public_html	frontend/public/trfmc_rf_microwave_engineering_v1.html	27901	REVIEW_VERSIONED
public_html	frontend/public/trfmc_rf_physics_theory_atlas_v1.html	4574	REVIEW_VERSIONED
public_html	frontend/public/trfmc_rf_physics_theory_atlas_v2.html	12236	REVIEW_VERSIONED
public_html	frontend/public/trfmc_rf_pro_signal_intelligence_lab_v1.html	3374	REVIEW_VERSIONED
public_html	frontend/public/trfmc_rf_pro_signal_intelligence_lab_v2.html	3334	REVIEW_VERSIONED
public_html	frontend/public/trfmc_rf_pro_signal_intelligence_lab_v3_reality.html	3432	REVIEW_VERSIONED
public_html	frontend/public/trfmc_rf_pro_signal_intelligence_lab_v4_instrument.html	3311	REVIEW_VERSIONED
public_html	frontend/public/trfmc_rf_spectrum_lab_v1.html	23193	REVIEW_VERSIONED
public_html	frontend/public/trfmc_rf_tm_signal_universe_v3.html	34811	REVIEW_VERSIONED
public_html	frontend/public/trfmc_rf_tm_war_room_v4.html	36827	REVIEW_VERSIONED
public_html	frontend/public/trfmc_route_normalizer_v87f.html	7537	REVIEW_VERSIONED
public_html	frontend/public/trfmc_runtime_hook_layer_v1.html	11332	REVIEW_VERSIONED
public_html	frontend/public/trfmc_safe_runtime_action_console_v1.html	10518	REVIEW_VERSIONED
public_html	frontend/public/trfmc_signal_intelligence_center_v1.html	26120	REVIEW_VERSIONED
public_html	frontend/public/trfmc_signal_world_engine_v2.html	32672	REVIEW_VERSIONED
public_html	frontend/public/trfmc_soul_runtime_lab_v1.html	6035	REVIEW_VERSIONED
public_html	frontend/public/trfmc_supervisor_mission_control_v5.html	6448	REVIEW_VERSIONED
public_html	frontend/public/trfmc_theory_spine_v86e.html	8675	REVIEW_VERSIONED
public_html	frontend/public/trfmc_true_portal_command_deck_v1.html	4195	REVIEW_VERSIONED
public_html	frontend/public/trfmc_unified_evidence_supervisor_v4.html	26894	REVIEW_VERSIONED
public_html	frontend/public/trfmc_unified_instrument_shell_lab_v1.html	17581	REVIEW_VERSIONED
public_html	frontend/public/trfmc_unified_instrument_shell_lab_v2.html	23417	REVIEW_VERSIONED
public_html	frontend/public/trfmc_unified_matrix_room_v3.html	22546	REVIEW_VERSIONED
public_html	frontend/public/trfmc_unified_navigation_shell_v1.html	17809	REVIEW_VERSIONED
public_html	frontend/public/trfmc_unified_shell_noiframe_v86d_r1.html	8817	REVIEW_VERSIONED
public_html	frontend/public/trfmc_unified_shell_prototype_v86d.html	8672	ARCHIVE_REVIEW_VERSIONED
public_html	frontend/public/trfmc_visual_asset_engine_lab_v3.html	4388	REVIEW_VERSIONED
public_html	frontend/public/trfmc_visual_master_preview_v1.html	8686	ARCHIVE_REVIEW_VERSIONED
public_html	frontend/public/trfmc_visual_qa_matrix_v71.html	6784	REVIEW_VERSIONED
public_html	frontend/public/trfmc_wifi_5_6_7_8_qam_engine_v1.html	15535	REVIEW_VERSIONED
public_html	frontend/public/uav_fhss_v584.html	8533	REVIEW_VERSIONED
public_html	frontend/public/webgl_rf_heatmap_engine_v66.html	7424	REVIEW_VERSIONED
public_html	frontend/public/webgl_rf_heatmap_engine_v67.html	7543	REVIEW_VERSIONED
public_html	frontend/public/webgl_rf_heatmap_engine_v68.html	8675	REVIEW_VERSIONED
public_html	frontend/public/webgl_rf_heatmap_engine_v68_surgical_v81.html	11358	REVIEW_VERSIONED
public_html	frontend/public/webgl_rf_heatmap_engine_v69.html	9183	REVIEW_VERSIONED
public_html	frontend/public/webgl_rf_heatmap_engine_v82b_native_lab.html	10577	REVIEW_VERSIONED
public_html	frontend/public/webgl_rf_heatmap_engine_v82c_mission_replay.html	10836	REVIEW_VERSIONED
public_html	frontend/public/webgl_rf_heatmap_engine_v82c_r2_mission_replay.html	11142	REVIEW_VERSIONED
public_html	frontend/public/webgl_rf_heatmap_engine_v82_native_lab.html	9679	REVIEW_VERSIONED
public_html	frontend/public/webgl_rf_physics_engine_v83b.html	11852	REVIEW_VERSIONED
public_html	frontend/public/webgl_rf_physics_engine_v83c.html	11940	REVIEW_VERSIONED
public_html	frontend/public/webgl_rf_physics_engine_v83d.html	12157	REVIEW_VERSIONED
public_html	frontend/public/webgl_rf_physics_engine_v83e.html	12395	REVIEW_VERSIONED
public_html	frontend/public/webgl_rf_physics_engine_v83f.html	12604	REVIEW_VERSIONED
public_html	frontend/public/webgl_rf_physics_engine_v83.html	11756	REVIEW_VERSIONED
public_html	frontend/public/webgl_rf_physics_engine_v85b_sapienza_baseline.html	12820	REVIEW_VERSIONED
public_html	frontend/public/webgl_rf_physics_engine_v85c_sapienza_identity.html	12979	REVIEW_VERSIONED
public_html	frontend/public/webgl_rf_physics_engine_v85d_runtime_identity_lock.html	13160	REVIEW_VERSIONED
public_html	frontend/public/webgl_rf_physics_engine_v85e_viewport_discipline.html	13154	REVIEW_VERSIONED
public_html	frontend/public/webgl_rf_tm_supreme_console_v84a.html	9032	REVIEW_VERSIONED
