status	category	title	url	file	http_status	bytes	has_html	fallback	dom_status	dom_bytes	dom_title_count	dom_canvas_count	canvas_source	script_tags	root_links	rf_hits	dangerous_dom	iframe
ACTIVE_REAL_PAGE	3d-visual	TRFMC Domain Registry V1	/trfmc_domain_registry_v1.html	frontend/public/trfmc_domain_registry_v1.html	200	49035	YES	NO	PASS	50967	5	1	1	5	98	144	0	0
ACTIVE_REAL_PAGE	3d-visual	TRFMC v0.82A · Native WebGL RF Vegetation Lab	/webgl_rf_heatmap_engine_v82_native_lab.html	frontend/public/webgl_rf_heatmap_engine_v82_native_lab.html	200	9679	YES	NO	PASS	11624	3	2	2	6	13	20	0	0
ACTIVE_REAL_PAGE	3d-visual	TRFMC v0.70A Unified Shell · TRFMC v0.66A · WebGL RF Heatmap Engine	/webgl_rf_heatmap_engine_v66.html	frontend/public/webgl_rf_heatmap_engine_v66.html	200	7424	YES	NO	PASS	10840	2	2	2	7	15	19	0	0
ACTIVE_REAL_PAGE	3d-visual	TRFMC v0.83D · Instrument Layout + Link Budget Inspector	/webgl_rf_physics_engine_v83d.html	frontend/public/webgl_rf_physics_engine_v83d.html	200	12157	YES	NO	PASS	20459	3	2	2	7	19	17	0	0
ACTIVE_REAL_PAGE	3d-visual	TRFMC v0.83E · Instrument Readability + Vector Governance	/webgl_rf_physics_engine_v83e.html	frontend/public/webgl_rf_physics_engine_v83e.html	200	12395	YES	NO	PASS	21835	3	2	2	8	21	17	0	0
ACTIVE_REAL_PAGE	3d-visual	TRFMC v0.83F · Dual Instrument View + RSRP/SINR Profile	/webgl_rf_physics_engine_v83f.html	frontend/public/webgl_rf_physics_engine_v83f.html	200	12604	YES	NO	PASS	23466	3	4	2	9	23	17	0	0
ACTIVE_REAL_PAGE	3d-visual	TRFMC v0.85B · Sapienza Physics Baseline + RSRP/SINR Profile	/webgl_rf_physics_engine_v85b_sapienza_baseline.html	frontend/public/webgl_rf_physics_engine_v85b_sapienza_baseline.html	200	12820	YES	NO	PASS	25309	2	4	2	10	24	17	0	0
ACTIVE_REAL_PAGE	3d-visual	TRFMC v0.85C · Sapienza Physics Baseline + RSRP/SINR Profile	/webgl_rf_physics_engine_v85c_sapienza_identity.html	frontend/public/webgl_rf_physics_engine_v85c_sapienza_identity.html	200	12979	YES	NO	PASS	26464	2	4	2	11	25	17	0	0
ACTIVE_REAL_PAGE	3d-visual	TRFMC v0.85D · Sapienza Physics Baseline + RSRP/SINR Profile	/webgl_rf_physics_engine_v85d_runtime_identity_lock.html	frontend/public/webgl_rf_physics_engine_v85d_runtime_identity_lock.html	200	13160	YES	NO	PASS	27518	2	4	2	12	26	17	0	0
ACTIVE_REAL_PAGE	3d-visual	TRFMC v0.85E · Sapienza Physics Baseline + RSRP/SINR Profile	/webgl_rf_physics_engine_v85e_viewport_discipline.html	frontend/public/webgl_rf_physics_engine_v85e_viewport_discipline.html	200	13154	YES	NO	PASS	27407	2	4	2	12	26	17	0	0
ACTIVE_REAL_PAGE	3d-visual	TRFMC v0.70A Unified Shell · TRFMC v0.67A · Urban Shadowing & Clutter Engine	/webgl_rf_heatmap_engine_v67.html	frontend/public/webgl_rf_heatmap_engine_v67.html	200	7543	YES	NO	PASS	11364	0	2	2	7	16	14	0	0
ACTIVE_REAL_PAGE	3d-visual	TRFMC v0.81C-R2 · Seasonal Vegetation Clutter Engine · Cinematic Surgical Rebuild	/webgl_rf_heatmap_engine_v68_surgical_v81.html	frontend/public/webgl_rf_heatmap_engine_v68_surgical_v81.html	200	11358	YES	NO	PASS	13888	1	1	1	8	15	14	0	0
ACTIVE_REAL_PAGE	3d-visual	TRFMC v0.70A Unified Shell · TRFMC v0.68A · Seasonal Vegetation Clutter Engine	/webgl_rf_heatmap_engine_v68.html	frontend/public/webgl_rf_heatmap_engine_v68.html	200	8675	YES	NO	PASS	12200	2	2	2	7	16	13	0	0
ACTIVE_REAL_PAGE	3d-visual	TRFMC v0.70A Unified Shell · TRFMC v0.69A · UE Mobility & Handover Dynamics	/webgl_rf_heatmap_engine_v69.html	frontend/public/webgl_rf_heatmap_engine_v69.html	200	9183	YES	NO	PASS	14943	0	2	2	8	17	13	0	0
ACTIVE_REAL_PAGE	3d-visual	TRFMC v0.86B · Performance GPU Binding Gate	/trfmc_performance_gpu_gate_v86b.html	frontend/public/trfmc_performance_gpu_gate_v86b.html	200	10643	YES	NO	PASS	12639	3	2	2	6	11	9	0	0
ACTIVE_REAL_PAGE	3d-visual	TRFMC v0.86B-R1 · Performance GPU Binding Gate R1	/trfmc_performance_gpu_gate_v86b_r1.html	frontend/public/trfmc_performance_gpu_gate_v86b_r1.html	200	10879	YES	NO	PASS	12863	2	3	3	6	11	9	0	0
ACTIVE_REAL_PAGE	3d-visual	TRFMC v0.86C · Portal Registry Navigation Spine	/trfmc_portal_registry_v86c.html	frontend/public/trfmc_portal_registry_v86c.html	200	8931	YES	NO	PASS	41366	3	1	1	6	11	9	0	0
ACTIVE_REAL_PAGE	3d-visual	TRFMC v0.87A · First Promotion Batch	/trfmc_first_promotion_batch_v87a.html	frontend/public/trfmc_first_promotion_batch_v87a.html	200	8157	YES	NO	PASS	13766	3	1	1	6	12	9	0	0
ACTIVE_REAL_PAGE	3d-visual	TRFMC v0.86C-R1 · Portal Registry Navigation Spine R1	/trfmc_portal_registry_v86c_r1.html	frontend/public/trfmc_portal_registry_v86c_r1.html	200	9003	YES	NO	PASS	42037	2	1	1	6	11	3	0	0
ACTIVE_REAL_PAGE	3d-visual	Data Center / Power / PDU Infrastructure Lab	/trfmc_datacenter_power_pdu_infrastructure_v1.html	frontend/public/trfmc_datacenter_power_pdu_infrastructure_v1.html	200	4556	YES	NO	PASS	6812	3	1	1	4	8	2	0	0
ACTIVE_REAL_PAGE	3d-visual	TRFMC v0.71A · Page-by-Page Visual QA Matrix	/trfmc_visual_qa_matrix_v71.html	frontend/public/trfmc_visual_qa_matrix_v71.html	200	6784	YES	NO	PASS	19423	2	1	1	7	13	1	0	0
ACTIVE_REAL_PAGE	3d-visual	Private Networks / Wi-Fi 7 / 5G Mesh Lab	/trfmc_private_networks_wifi7_5g_mesh_v1.html	frontend/public/trfmc_private_networks_wifi7_5g_mesh_v1.html	200	4588	YES	NO	PASS	6817	3	1	1	4	8	0	0	0
ACTIVE_REAL_PAGE	5g-core-ran	TRFMC Engine Promotion Board V1	/trfmc_engine_promotion_board_v1.html	frontend/public/trfmc_engine_promotion_board_v1.html	200	36899	YES	NO	PASS	38941	5	1	1	5	69	62	0	0
ACTIVE_REAL_PAGE	5g-core-ran	TRFMC Perfection Authority V2 Scoped	/trfmc_perfection_authority_v2_scoped.html	frontend/public/trfmc_perfection_authority_v2_scoped.html	200	34453	YES	NO	PASS	36203	3	0	0	3	129	51	0	0
ACTIVE_REAL_PAGE	5g-core-ran	TRFMC v0.35 RF/Telco Mission Portal	/rf_telco_mission_portal_v35.html	frontend/public/rf_telco_mission_portal_v35.html	200	12151	YES	NO	PASS	16502	2	1	1	7	20	27	0	0
ACTIVE_REAL_PAGE	5g-core-ran	TRFMC RF Microwave Engineering	/trfmc_rf_microwave_engineering.html	frontend/public/trfmc_rf_microwave_engineering.html	200	3066	YES	NO	PASS	30256	2	2	1	5	7	3	0	0
ACTIVE_REAL_PAGE	antenna-rf	TRFMC Canonical Navigation Map V1	/trfmc_canonical_navigation_map_v1.html	frontend/public/trfmc_canonical_navigation_map_v1.html	200	29644	YES	NO	PASS	31391	3	0	0	3	139	202	0	0
ACTIVE_REAL_PAGE	antenna-rf	TRFMC Perfection Authority V3 Scoped	/trfmc_perfection_authority_v3_scoped.html	frontend/public/trfmc_perfection_authority_v3_scoped.html	200	32463	YES	NO	PASS	34213	3	0	0	3	129	200	0	0
ACTIVE_REAL_PAGE	antenna-rf	TRFMC Final Promotion Gate V1	/trfmc_final_promotion_gate_v1.html	frontend/public/trfmc_final_promotion_gate_v1.html	200	13595	YES	NO	PASS	15338	3	0	0	3	48	73	0	0
ACTIVE_REAL_PAGE	antenna-rf	TRFMC Antenna System Explorer V1.2 Operativo	/trfmc_antenna_system_explorer_v12_operativo.html	frontend/public/trfmc_antenna_system_explorer_v12_operativo.html	200	23941	YES	NO	PASS	26035	4	6	6	6	12	26	0	0
ACTIVE_REAL_PAGE	antenna-rf	TRFMC Antenna System Explorer V1.3 Premium	/trfmc_antenna_system_explorer_v13_premium.html	frontend/public/trfmc_antenna_system_explorer_v13_premium.html	200	25431	YES	NO	PASS	27532	4	6	6	6	12	26	0	0
ACTIVE_REAL_PAGE	antenna-rf	TRFMC v0.82B · Native WebGL RF Field Refinement	/webgl_rf_heatmap_engine_v82b_native_lab.html	frontend/public/webgl_rf_heatmap_engine_v82b_native_lab.html	200	10577	YES	NO	PASS	12523	3	2	2	6	14	22	0	0
ACTIVE_REAL_PAGE	antenna-rf	TRFMC v0.83A · RF Physics Calibrated 4D Engine	/webgl_rf_physics_engine_v83.html	frontend/public/webgl_rf_physics_engine_v83.html	200	11756	YES	NO	PASS	13805	3	2	2	6	15	21	0	0
ACTIVE_REAL_PAGE	antenna-rf	TRFMC v0.83B · RF Precision Scale + Probe Diagnostics	/webgl_rf_physics_engine_v83b.html	frontend/public/webgl_rf_physics_engine_v83b.html	200	11852	YES	NO	PASS	16255	3	2	2	6	16	21	0	0
ACTIVE_REAL_PAGE	antenna-rf	TRFMC v0.83C · RF Sanity Calibration + SINR-Aware Coverage	/webgl_rf_physics_engine_v83c.html	frontend/public/webgl_rf_physics_engine_v83c.html	200	11940	YES	NO	PASS	17347	3	2	2	6	17	21	0	0
ACTIVE_REAL_PAGE	antenna-rf	TRFMC v0.70A Unified Shell · TRFMC v0.63B · Infrastructure Digital Twin Visual Upgrade	/infrastructure_digital_twin_v63.html	frontend/public/infrastructure_digital_twin_v63.html	200	5556	YES	NO	PASS	9397	0	0	0	4	10	18	0	0
ACTIVE_REAL_PAGE	antenna-rf	TRFMC v0.82C · Native WebGL Mission Replay	/webgl_rf_heatmap_engine_v82c_mission_replay.html	frontend/public/webgl_rf_heatmap_engine_v82c_mission_replay.html	200	10836	YES	NO	PASS	14763	3	2	2	7	16	18	0	0
ACTIVE_REAL_PAGE	antenna-rf	TRFMC v0.82C-R2 · Native WebGL Mission Replay Layout Fix	/webgl_rf_heatmap_engine_v82c_r2_mission_replay.html	frontend/public/webgl_rf_heatmap_engine_v82c_r2_mission_replay.html	200	11142	YES	NO	PASS	15751	3	2	2	8	18	18	0	0
ACTIVE_REAL_PAGE	antenna-rf	TRFMC v0.87B · Mission Control Home	/trfmc_mission_control_home_v87b.html	frontend/public/trfmc_mission_control_home_v87b.html	200	8841	YES	NO	PASS	14467	3	1	1	6	15	16	0	0
ACTIVE_REAL_PAGE	antenna-rf	TRFMC Expansion Hub V1	/trfmc_expansion_hub_v1.html	frontend/public/trfmc_expansion_hub_v1.html	200	5261	YES	NO	PASS	5274	2	1	1	1	12	12	0	0
ACTIVE_REAL_PAGE	antenna-rf	TRFMC v0.87D · Cinematic Command Deck	/trfmc_cinematic_command_deck_v87d.html	frontend/public/trfmc_cinematic_command_deck_v87d.html	200	7194	YES	NO	PASS	14661	3	2	2	6	15	11	0	0
ACTIVE_REAL_PAGE	antenna-rf	TRFMC v0.87E-R3 · Home Promotion Gate	/trfmc_home_v87e.html	frontend/public/trfmc_home_v87e.html	200	7168	YES	NO	PASS	14635	3	2	2	6	15	11	0	0
ACTIVE_REAL_PAGE	antenna-rf	TRFMC v0.70A Unified Shell · TRFMC v0.65B · Field Telemetry on GPU Runtime	/field_engineering_mode_v64.html	frontend/public/field_engineering_mode_v64.html	200	5290	YES	NO	PASS	8836	0	0	0	3	12	10	0	0
ACTIVE_REAL_PAGE	antenna-rf	TRFMC v0.87C · Cinematic Mission Atlas	/trfmc_cinematic_mission_atlas_v87c.html	frontend/public/trfmc_cinematic_mission_atlas_v87c.html	200	7149	YES	NO	PASS	13882	3	2	2	6	15	10	0	0
ACTIVE_REAL_PAGE	antenna-rf	TRFMC v0.87F · Route Normalizer	/trfmc_route_normalizer_v87f.html	frontend/public/trfmc_route_normalizer_v87f.html	200	7537	YES	NO	PASS	17225	3	1	1	6	16	10	0	0
ACTIVE_REAL_PAGE	antenna-rf	TRFMC Soul Runtime Lab V1	/trfmc_soul_runtime_lab_v1.html	frontend/public/trfmc_soul_runtime_lab_v1.html	200	6035	YES	NO	PASS	8438	4	2	1	4	10	5	0	0
ACTIVE_REAL_PAGE	antenna-rf	TRFMC v0.86D-R1 · No-IFrame Route Console	/trfmc_unified_shell_noiframe_v86d_r1.html	frontend/public/trfmc_unified_shell_noiframe_v86d_r1.html	200	8817	YES	NO	PASS	44135	3	1	1	6	11	5	0	0
ACTIVE_REAL_PAGE	antenna-rf	TRFMC v86D Quarantine · Route Locked	/trfmc_unified_shell_prototype_v86d.html	frontend/public/trfmc_unified_shell_prototype_v86d.html	200	8672	YES	NO	PASS	10608	2	1	1	5	10	5	0	0
ACTIVE_REAL_PAGE	antenna-rf	TRFMC Emergency Reset Layout State	/trfmc_emergency_reset_layout_state.html	frontend/public/trfmc_emergency_reset_layout_state.html	200	1326	YES	NO	PASS	111025	0	12	0	1	1	3	0	0
ACTIVE_REAL_PAGE	antenna-rf	TRFMC Post-Promotion Control Center V1	/trfmc_post_promotion_control_center_v1.html	frontend/public/trfmc_post_promotion_control_center_v1.html	200	3936	YES	NO	PASS	5598	3	0	0	3	10	2	0	0
ACTIVE_REAL_PAGE	antenna-rf	Microwave Link Operations Center	/trfmc_microwave_link_operations_center_v1.html	frontend/public/trfmc_microwave_link_operations_center_v1.html	200	4643	YES	NO	PASS	6890	3	1	1	4	8	1	0	0
ACTIVE_REAL_PAGE	antenna-rf	TRFMC Reset Browser State V6R1	/trfmc_reset_browser_state_v6r1.html	frontend/public/trfmc_reset_browser_state_v6r1.html	200	647	YES	NO	PASS	8701	0	0	0	1	2	1	0	0
ACTIVE_REAL_PAGE	antenna-rf	TRFMC Change Control Policy V1	/trfmc_change_control_policy_v1.html	frontend/public/trfmc_change_control_policy_v1.html	200	3496	YES	NO	PASS	5240	3	0	0	3	10	0	0	0
ACTIVE_REAL_PAGE	signal-dsp	TRFMC Enterprise Prime Portal V1	/trfmc_enterprise_prime_portal_v1.html	frontend/public/trfmc_enterprise_prime_portal_v1.html	200	17131	YES	NO	PASS	19126	2	2	2	6	37	92	0	0
ACTIVE_REAL_PAGE	signal-dsp	TRFMC RF Spectrum Lab V1	/trfmc_rf_spectrum_lab_v1.html	frontend/public/trfmc_rf_spectrum_lab_v1.html	200	23193	YES	NO	PASS	25354	2	5	5	6	11	69	0	0
ACTIVE_REAL_PAGE	signal-dsp	TRFMC Signal World Engine V2	/trfmc_signal_world_engine_v2.html	frontend/public/trfmc_signal_world_engine_v2.html	200	32672	YES	NO	PASS	35141	4	6	6	6	13	65	0	0
ACTIVE_REAL_PAGE	signal-dsp	TRFMC RF/TM Signal Universe V3	/trfmc_rf_tm_signal_universe_v3.html	frontend/public/trfmc_rf_tm_signal_universe_v3.html	200	34811	YES	NO	PASS	36982	4	8	8	6	11	53	0	0
ACTIVE_REAL_PAGE	signal-dsp	TRFMC Orphan Consolidation Dossier V1	/trfmc_orphan_consolidation_dossier_v1.html	frontend/public/trfmc_orphan_consolidation_dossier_v1.html	200	12411	YES	NO	PASS	14162	3	0	0	3	38	52	0	0
ACTIVE_REAL_PAGE	signal-dsp	TRFMC v0.70A Unified Shell · TRFMC v0.60A · RF/Telco Knowledge Operating System	/rf_telco_knowledge_os_v60.html	frontend/public/rf_telco_knowledge_os_v60.html	200	9475	YES	NO	PASS	12965	1	1	1	7	18	37	0	0
ACTIVE_REAL_PAGE	signal-dsp	TRFMC PR200 Style Field Monitoring Receiver V1	/trfmc_pr200_field_monitoring_receiver_v1.html	frontend/public/trfmc_pr200_field_monitoring_receiver_v1.html	200	16544	YES	NO	PASS	18480	2	6	6	6	13	35	0	0
ACTIVE_REAL_PAGE	signal-dsp	TRFMC Measurement Chain DSP Engine V2	/trfmc_measurement_chain_dsp_engine_v2.html	frontend/public/trfmc_measurement_chain_dsp_engine_v2.html	200	17923	YES	NO	PASS	19945	4	6	6	6	11	32	0	0
ACTIVE_REAL_PAGE	signal-dsp	TRFMC Wi-Fi 5/6/7/8 OFDM QAM Engine V1	/trfmc_wifi_5_6_7_8_qam_engine_v1.html	frontend/public/trfmc_wifi_5_6_7_8_qam_engine_v1.html	200	15535	YES	NO	PASS	17641	2	6	6	6	10	29	0	0
ACTIVE_REAL_PAGE	signal-dsp	TRFMC v0.70A Unified Shell · TRFMC v0.61A · RF/Telco Knowledge Modules	/rf_telco_knowledge_modules_v61.html	frontend/public/rf_telco_knowledge_modules_v61.html	200	10054	YES	NO	PASS	13484	2	1	1	6	15	29	0	0
ACTIVE_REAL_PAGE	signal-dsp	TRFMC v0.84A · RF T&M Supreme Console	/webgl_rf_tm_supreme_console_v84a.html	frontend/public/webgl_rf_tm_supreme_console_v84a.html	200	9032	YES	NO	PASS	11293	0	6	6	6	12	25	0	0
ACTIVE_REAL_PAGE	signal-dsp	TRFMC v0.84L · RF Sapienza Director Cockpit	/rf_sapienza_console_v84l.html	frontend/public/rf_sapienza_console_v84l.html	200	11691	YES	NO	PASS	16597	3	5	5	9	23	24	0	0
ACTIVE_REAL_PAGE	signal-dsp	TRFMC v0.84G · RF Topographic Instrument View	/rf_sapienza_console_v84g.html	frontend/public/rf_sapienza_console_v84g.html	200	10825	YES	NO	PASS	13826	3	5	5	6	15	23	0	0
ACTIVE_REAL_PAGE	signal-dsp	TRFMC v0.84I · RF Vector Cartography Console	/rf_sapienza_console_v84i.html	frontend/public/rf_sapienza_console_v84i.html	200	10898	YES	NO	PASS	13921	3	5	5	6	17	23	0	0
ACTIVE_REAL_PAGE	signal-dsp	TRFMC v0.84B · RF Sapienza Console	/rf_sapienza_console_v84b.html	frontend/public/rf_sapienza_console_v84b.html	200	9867	YES	NO	PASS	12625	3	5	5	6	11	22	0	0
ACTIVE_REAL_PAGE	signal-dsp	TRFMC v0.84C · RF Sapienza Console R2 R2	/rf_sapienza_console_v84c.html	frontend/public/rf_sapienza_console_v84c.html	200	9956	YES	NO	PASS	13651	3	5	5	6	12	22	0	0
ACTIVE_REAL_PAGE	signal-dsp	TRFMC v0.84D · RF Sapienza Truth Palette R2	/rf_sapienza_console_v84d.html	frontend/public/rf_sapienza_console_v84d.html	200	10041	YES	NO	PASS	14986	3	5	5	6	13	22	0	0
ACTIVE_REAL_PAGE	signal-dsp	TRFMC v0.84E · RF Sapienza Instrument Truth View	/rf_sapienza_console_v84e.html	frontend/public/rf_sapienza_console_v84e.html	200	10685	YES	NO	PASS	13656	3	5	5	6	13	22	0	0
ACTIVE_REAL_PAGE	signal-dsp	TRFMC v0.84F · RF Instrument Dark Field Discipline	/rf_sapienza_console_v84f.html	frontend/public/rf_sapienza_console_v84f.html	200	10760	YES	NO	PASS	13749	3	5	5	6	14	22	0	0
ACTIVE_REAL_PAGE	signal-dsp	TRFMC v0.84H · RF Atlas Instrument View	/rf_sapienza_console_v84h.html	frontend/public/rf_sapienza_console_v84h.html	200	10834	YES	NO	PASS	13840	3	5	5	6	16	22	0	0
ACTIVE_REAL_PAGE	signal-dsp	TRFMC v0.84J · RF 4D Measurement Theater	/rf_sapienza_console_v84j.html	frontend/public/rf_sapienza_console_v84j.html	200	11097	YES	NO	PASS	14080	3	5	5	7	19	22	0	0
ACTIVE_REAL_PAGE	signal-dsp	TRFMC v0.84K · RF Sapienza Layer Director	/rf_sapienza_console_v84k.html	frontend/public/rf_sapienza_console_v84k.html	200	11347	YES	NO	PASS	15219	3	5	5	8	21	22	0	0
ACTIVE_REAL_PAGE	signal-dsp	TRFMC v0.84M · RF Sapienza Production Baseline	/rf_sapienza_console_v84m.html	frontend/public/rf_sapienza_console_v84m.html	200	11847	YES	NO	PASS	18342	3	5	5	10	25	22	0	0
ACTIVE_REAL_PAGE	signal-dsp	TRFMC Antenna System Explorer V1	/trfmc_antenna_system_explorer_v1.html	frontend/public/trfmc_antenna_system_explorer_v1.html	200	14454	YES	NO	PASS	16511	4	6	6	6	12	20	0	0
ACTIVE_REAL_PAGE	signal-dsp	TRFMC RF Physics Theory Atlas V2	/trfmc_rf_physics_theory_atlas_v2.html	frontend/public/trfmc_rf_physics_theory_atlas_v2.html	200	12236	YES	NO	PASS	14613	1	3	3	4	8	20	0	0
ACTIVE_REAL_PAGE	signal-dsp	TRFMC v0.70A Unified Shell · TRFMC v0.62B · RF Propagation Sandbox Visual Upgrade	/rf_propagation_sandbox_v62.html	frontend/public/rf_propagation_sandbox_v62.html	200	8401	YES	NO	PASS	12120	1	1	1	8	15	19	0	0
ACTIVE_REAL_PAGE	signal-dsp	TRFMC v0.87G · Public Operational Home	/trfmc_home.html	frontend/public/trfmc_home.html	200	6543	YES	NO	PASS	10254	3	3	3	6	11	16	0	0
ACTIVE_REAL_PAGE	signal-dsp	TRFMC v0.87G · Public Operational Home	/trfmc_home_v87g.html	frontend/public/trfmc_home_v87g.html	200	6548	YES	NO	PASS	10338	3	3	3	6	11	16	0	0
ACTIVE_REAL_PAGE	signal-dsp	TRFMC v0.86F · Design Token Audit	/trfmc_design_token_audit_v86f.html	frontend/public/trfmc_design_token_audit_v86f.html	200	8465	YES	NO	PASS	63805	3	1	1	6	11	10	0	0
ACTIVE_REAL_PAGE	signal-dsp	Antenna / RRU / RET / CPRI Port Mapping Simulator	/trfmc_antenna_rru_ret_cpri_port_mapping_v1.html	frontend/public/trfmc_antenna_rru_ret_cpri_port_mapping_v1.html	200	4643	YES	NO	PASS	6919	3	1	1	4	8	9	0	0
ACTIVE_REAL_PAGE	signal-dsp	TRFMC v0.87G · Public Operational Home	/trfmc.html	frontend/public/trfmc.html	200	6344	YES	NO	PASS	10134	3	3	3	6	11	9	0	0
ACTIVE_REAL_PAGE	signal-dsp	RF Physics Theory Atlas	/trfmc_rf_physics_theory_atlas_v1.html	frontend/public/trfmc_rf_physics_theory_atlas_v1.html	200	4574	YES	NO	PASS	6799	3	1	1	4	8	5	0	0
ACTIVE_REAL_PAGE	signal-dsp	TRFMC True Portal Command Deck V1	/trfmc_true_portal_command_deck_v1.html	frontend/public/trfmc_true_portal_command_deck_v1.html	200	4195	YES	NO	PASS	4791	2	2	0	2	12	5	0	0
ACTIVE_REAL_PAGE	signal-dsp	TRFMC v0.86E · Theory Spine	/trfmc_theory_spine_v86e.html	frontend/public/trfmc_theory_spine_v86e.html	200	8675	YES	NO	PASS	51799	3	1	1	6	11	5	0	0
ACTIVE_REAL_PAGE	signal-dsp	Knowledge Base / Theory / Procedures Atlas	/trfmc_knowledge_base_theory_procedures_v1.html	frontend/public/trfmc_knowledge_base_theory_procedures_v1.html	200	4521	YES	NO	PASS	6765	3	1	1	4	8	3	0	0
ACTIVE_REAL_PAGE	signal-dsp	Fiber / Fronthaul / OTDR Workbench	/trfmc_fiber_fronthaul_otdr_workbench_v1.html	frontend/public/trfmc_fiber_fronthaul_otdr_workbench_v1.html	200	4632	YES	NO	PASS	6881	3	1	1	4	8	1	0	0
ACTIVE_REAL_PAGE	war-room	TRFMC v0.40 Executive Mission Dashboard	/executive_mission_dashboard_v40.html	frontend/public/executive_mission_dashboard_v40.html	200	44968	YES	NO	PASS	52645	1	0	0	15	81	180	0	0
ACTIVE_REAL_PAGE	war-room	TRFMC Instrument OS Alignment V1	/trfmc_instrument_os_alignment_v1.html	frontend/public/trfmc_instrument_os_alignment_v1.html	200	16366	YES	NO	PASS	18413	4	5	5	6	20	88	0	0
ACTIVE_REAL_PAGE	war-room	TRFMC Perfection Authority V1	/trfmc_perfection_authority_v1.html	frontend/public/trfmc_perfection_authority_v1.html	200	43304	YES	NO	PASS	45047	3	0	0	3	148	87	0	0
ACTIVE_REAL_PAGE	war-room	TRFMC Orphan Triage Board V1	/trfmc_orphan_triage_board_v1.html	frontend/public/trfmc_orphan_triage_board_v1.html	200	12211	YES	NO	PASS	13923	3	0	0	3	53	78	0	0
ACTIVE_REAL_PAGE	war-room	TRFMC RF/TM War Room V4	/trfmc_rf_tm_war_room_v4.html	frontend/public/trfmc_rf_tm_war_room_v4.html	200	36827	YES	NO	PASS	38955	4	8	8	6	17	68	0	0
ACTIVE_REAL_PAGE	war-room	TRFMC Master Console V4	/trfmc_master_console_v4.html	frontend/public/trfmc_master_console_v4.html	200	11767	YES	NO	PASS	13742	4	2	2	6	26	63	0	0
ACTIVE_REAL_PAGE	war-room	TRFMC v0.70A Unified Shell · TRFMC v0.59A · Executive Dashboard Next Enterprise Production Layer	/executive_mission_dashboard_v_next.html	frontend/public/executive_mission_dashboard_v_next.html	200	13225	YES	NO	PASS	26213	0	0	0	7	40	59	0	0
ACTIVE_REAL_PAGE	war-room	TRFMC Orphan Quarantine Room V1	/trfmc_orphan_quarantine_room_v1.html	frontend/public/trfmc_orphan_quarantine_room_v1.html	200	7145	YES	NO	PASS	8910	3	0	0	3	33	35	0	0
ACTIVE_REAL_PAGE	war-room	TRFMC Safe Runtime Action Console V1	/trfmc_safe_runtime_action_console_v1.html	frontend/public/trfmc_safe_runtime_action_console_v1.html	200	10518	YES	NO	PASS	12472	4	1	1	6	13	28	0	0
ACTIVE_REAL_PAGE	war-room	TRFMC v0.86A · RF Physics Sapienza Console	/rf_physics_sapienza_console_v86a.html	frontend/public/rf_physics_sapienza_console_v86a.html	200	13039	YES	NO	PASS	15088	3	5	5	6	11	27	0	0
ACTIVE_REAL_PAGE	war-room	TRFMC RF PRO Signal Intelligence Lab V2	/trfmc_rf_pro_signal_intelligence_lab_v2.html	frontend/public/trfmc_rf_pro_signal_intelligence_lab_v2.html	200	3334	YES	NO	PASS	10226	3	9	0	4	14	26	0	0
ACTIVE_REAL_PAGE	war-room	TRFMC RF PRO Signal Intelligence Lab V3 Reality	/trfmc_rf_pro_signal_intelligence_lab_v3_reality.html	frontend/public/trfmc_rf_pro_signal_intelligence_lab_v3_reality.html	200	3432	YES	NO	PASS	10624	3	6	0	5	14	26	0	0
ACTIVE_REAL_PAGE	war-room	TRFMC RF PRO Signal Intelligence Lab V1	/trfmc_rf_pro_signal_intelligence_lab_v1.html	frontend/public/trfmc_rf_pro_signal_intelligence_lab_v1.html	200	3374	YES	NO	PASS	10511	3	8	0	4	14	25	0	0
ACTIVE_REAL_PAGE	war-room	TRFMC RF PRO Signal Intelligence Lab V4 Instrument	/trfmc_rf_pro_signal_intelligence_lab_v4_instrument.html	frontend/public/trfmc_rf_pro_signal_intelligence_lab_v4_instrument.html	200	3311	YES	NO	PASS	10245	3	6	0	4	14	21	0	0
ACTIVE_REAL_PAGE	war-room	Cyber RF Intelligence / Evidence Lab	/trfmc_cyber_rf_intelligence_evidence_v1.html	frontend/public/trfmc_cyber_rf_intelligence_evidence_v1.html	200	4703	YES	NO	PASS	6928	3	1	1	4	8	17	0	0
ACTIVE_REAL_PAGE	war-room	TRFMC v0.76A · RF/Telco Component Object Library	/rf_telco_component_library_v76.html	frontend/public/rf_telco_component_library_v76.html	200	7345	YES	NO	PASS	16996	2	1	1	7	8	12	0	0
ACTIVE_REAL_PAGE	war-room	TRFMC v0.85A · Sapienza Master Template Doctrine	/sapienza_master_template_doctrine_v85a.html	frontend/public/sapienza_master_template_doctrine_v85a.html	200	7521	YES	NO	PASS	8081	2	0	0	1	7	12	0	0
ACTIVE_REAL_PAGE	war-room	TRFMC V5 Legacy Supervisor - Service Only	/trfmc_supervisor_mission_control_v5.html	frontend/public/trfmc_supervisor_mission_control_v5.html	200	6448	YES	NO	PASS	8382	2	1	1	5	12	11	0	0
ACTIVE_REAL_PAGE	war-room	TRFMC Collaudo Portale 5173	/trfmc_collaudo_report.html	frontend/public/trfmc_collaudo_report.html	200	23765	YES	NO	PASS	25704	2	1	1	5	6	8	0	0
ACTIVE_REAL_PAGE	war-room	TRFMC Visual Asset Engine Lab V3	/trfmc_visual_asset_engine_lab_v3.html	frontend/public/trfmc_visual_asset_engine_lab_v3.html	200	4388	YES	NO	PASS	7932	3	9	0	4	10	8	0	0
ACTIVE_REAL_PAGE	war-room	TRFMC Instrument Design System Lab V1	/trfmc_instrument_design_system_lab_v1.html	frontend/public/trfmc_instrument_design_system_lab_v1.html	200	3217	YES	NO	PASS	4721	2	2	0	2	5	6	0	0
ACTIVE_REAL_PAGE	war-room	Trfmc Official Safe Entrypoint V6	/trfmc_official_safe_entrypoint_v6.html	frontend/public/trfmc_official_safe_entrypoint_v6.html	200	3030	YES	NO	PASS	8701	0	0	1	4	7	2	0	0
REVIEW	war-room	TRFMC v0.20 Evidence Vault	/evidence_vault_console_v20.html	frontend/public/evidence_vault_console_v20.html	200	8523	YES	NO	PASS	10924	1	0	0	2	5	4	3	0
REVIEW	5g-core-ran	TRFMC v0.39 Global Mission Scenario Launcher	/global_mission_scenario_launcher_v39.html	frontend/public/global_mission_scenario_launcher_v39.html	200	15333	YES	NO	PASS	19557	1	0	0	2	8	27	4	0
REVIEW	5g-core-ran	TRFMC v0.15 Correlation Engine & Mission Graph	/mission_graph_console_v15.html	frontend/public/mission_graph_console_v15.html	200	10656	YES	NO	PASS	13052	0	0	0	2	5	3	4	0
REVIEW	5g-core-ran	TRFMC v0.37 Network Journey World Map	/network_journey_world_map_v37.html	frontend/public/network_journey_world_map_v37.html	200	14372	YES	NO	PASS	17996	1	0	0	2	9	11	2	0
REVIEW	war-room	TRFMC v0.13 Observability & Evidence Console	/observability_console_v13.html	frontend/public/observability_console_v13.html	200	8952	YES	NO	PASS	11387	0	0	0	2	2	20	2	0
REVIEW	5g-core-ran	TRFMC v0.21 Operational Backup Control	/operational_backup_console_v21.html	frontend/public/operational_backup_console_v21.html	200	7912	YES	NO	PASS	10335	1	0	0	2	5	5	3	0
REVIEW	5g-core-ran	TRFMC v0.27 Operator Handbook Interactive Console	/operator_handbook_console_v23.html	frontend/public/operator_handbook_console_v23.html	200	11435	YES	NO	PASS	13856	1	0	0	2	8	0	4	0
REVIEW	5g-core-ran	TRFMC v0.70A Unified Shell · TRFMC v0.30 Portal Index Golden Check Integration	/portal_index_v19.html	frontend/public/portal_index_v19.html	200	19263	YES	NO	PASS	23067	1	0	0	3	22	12	12	0
REVIEW	5g-core-ran	TRFMC v0.22 Restore Readiness	/restore_readiness_console_v22.html	frontend/public/restore_readiness_console_v22.html	200	7597	YES	NO	PASS	10019	1	0	0	2	4	1	2	0
REVIEW	signal-dsp	TRFMC v0.38 RF Instrumentation & Signal Analysis Cockpit	/rf_instrumentation_signal_cockpit_v38.html	frontend/public/rf_instrumentation_signal_cockpit_v38.html	200	19694	YES	NO	PASS	27260	0	1	1	7	14	43	2	0
REVIEW	war-room	TRFMC v0.36 RF/Telco Visual Scenario Cockpit	/rf_telco_visual_cockpit_v36.html	frontend/public/rf_telco_visual_cockpit_v36.html	200	15000	YES	NO	PASS	20408	2	1	1	7	16	30	2	0
REVIEW	signal-dsp	RF PRO v5.8.6 · Full Band Cursor RTSA	/rfpro_fullband_v586.html	frontend/public/rfpro_fullband_v586.html	200	17450	YES	NO	PASS	19515	4	4	4	6	6	16	2	0
REVIEW	5g-core-ran	RF PRO v5.8.3 · Master Console	/rfpro_master_v583.html	frontend/public/rfpro_master_v583.html	200	13671	YES	NO	PASS	15845	4	1	1	6	6	19	3	0
REVIEW	signal-dsp	RF PRO v5.8.5 · Realtime Console	/rfpro_realtime_v585.html	frontend/public/rfpro_realtime_v585.html	200	15083	YES	NO	PASS	17239	2	4	4	6	6	22	2	0
REVIEW	signal-dsp	RF PRO · SDR Laboratory Receiver	/rfpro_unified_console.html	frontend/public/rfpro_unified_console.html	200	27529	YES	NO	PASS	30610	2	3	3	6	6	55	7	0
REVIEW	5g-core-ran	TRFMC v0.70A Unified Shell · TRFMC v0.29 Runtime Golden Check Console	/runtime_golden_check_console_v29.html	frontend/public/runtime_golden_check_console_v29.html	200	9372	YES	NO	PASS	13285	1	0	0	3	9	0	2	0
REVIEW	war-room	TRFMC v0.17 Scenario Evidence Report Export	/scenario_report_console_v17.html	frontend/public/scenario_report_console_v17.html	200	8421	YES	NO	PASS	10840	1	0	0	2	6	8	1	0
REVIEW	5g-core-ran	TRFMC v0.16 Scenario Runner & Mission Playbooks	/scenario_runner_console_v16.html	frontend/public/scenario_runner_console_v16.html	200	8539	YES	NO	PASS	10944	0	0	0	2	6	4	4	0
REVIEW	5g-core-ran	TRFMC v0.18 Security Baseline & Access Guard	/security_console_v18.html	frontend/public/security_console_v18.html	200	8030	YES	NO	PASS	10456	0	0	0	2	8	1	2	0
REVIEW	signal-dsp	RF PRO v5.8.1 · IQ Analysis & Demod PRO	/signal_demod_v581.html	frontend/public/signal_demod_v581.html	200	8130	YES	NO	PASS	8247	0	1	1	1	0	25	5	0
REVIEW	signal-dsp	RF PRO v5.8.0 · Signal Workbench	/signal_workbench_v580.html	frontend/public/signal_workbench_v580.html	200	17115	YES	NO	PASS	17423	2	3	3	1	0	50	2	0
REVIEW	signal-dsp	RF PRO v5.8.2 · Signal Workbench Restored	/signal_workbench_v582.html	frontend/public/signal_workbench_v582.html	200	14195	YES	NO	PASS	14410	1	3	3	1	0	37	5	0
REVIEW	war-room	TRFMC v0.14 Evidence Timeline & Mission Replay	/timeline_console_v14.html	frontend/public/timeline_console_v14.html	200	9203	YES	NO	PASS	11603	0	0	0	2	4	13	2	0
REVIEW	3d-visual	TRFMC 3D RF Asset Renderer Lab	/trfmc_3d_rf_asset_renderer_lab_v1.html	frontend/public/trfmc_3d_rf_asset_renderer_lab_v1.html	200	25756	YES	NO	PASS	28071	3	2	2	6	6	24	3	0
REVIEW	3d-visual	TRFMC 3D RF Asset Renderer Lab V1R1 Proportions	/trfmc_3d_rf_asset_renderer_lab_v1r1_proportions.html	frontend/public/trfmc_3d_rf_asset_renderer_lab_v1r1_proportions.html	200	26441	YES	NO	PASS	28793	3	2	2	6	6	23	3	0
REVIEW	3d-visual	TRFMC 3D RF Asset Renderer Lab V1R2 Auto Fit	/trfmc_3d_rf_asset_renderer_lab_v1r2_auto_fit.html	frontend/public/trfmc_3d_rf_asset_renderer_lab_v1r2_auto_fit.html	200	30230	YES	NO	PASS	32604	3	2	2	6	6	24	3	0
REVIEW	3d-visual	TRFMC 3D RF Asset Renderer WebGL V2	/trfmc_3d_rf_asset_renderer_webgl_v2.html	frontend/public/trfmc_3d_rf_asset_renderer_webgl_v2.html	200	35690	YES	NO	PASS	37648	3	1	1	7	6	35	1	0
REVIEW	3d-visual	TRFMC 3D RF Asset Renderer WebGL V2R1 Detail Boost	/trfmc_3d_rf_asset_renderer_webgl_v2r1_detail_boost.html	frontend/public/trfmc_3d_rf_asset_renderer_webgl_v2r1_detail_boost.html	200	42903	YES	NO	PASS	44876	3	1	1	7	6	36	1	0
REVIEW	3d-visual	TRFMC 3D RF Asset Renderer WebGL V2R2 Reality	/trfmc_3d_rf_asset_renderer_webgl_v2r2_reality.html	frontend/public/trfmc_3d_rf_asset_renderer_webgl_v2r2_reality.html	200	52209	YES	NO	PASS	54177	3	1	1	7	6	45	1	0
REVIEW	5g-core-ran	TRFMC 5G Core/RAN Identity & AKA Engine	/trfmc_5g_core_ran_identity_aka_engine_v1.html	frontend/public/trfmc_5g_core_ran_identity_aka_engine_v1.html	200	21943	YES	NO	PASS	24605	0	2	2	6	10	36	1	0
REVIEW	antenna-rf	TRFMC Antenna / RRU / RET / CPRI Port Mapping V2	/trfmc_antenna_rru_ret_cpri_port_mapping_v2.html	frontend/public/trfmc_antenna_rru_ret_cpri_port_mapping_v2.html	200	14386	YES	NO	PASS	17168	1	3	3	4	8	17	4	0
REVIEW	antenna-rf	TRFMC Antenna / RRU / RET / CPRI Port Mapping V3 Engineering	/trfmc_antenna_rru_ret_cpri_port_mapping_v3.html	frontend/public/trfmc_antenna_rru_ret_cpri_port_mapping_v3.html	200	17956	YES	NO	PASS	21208	1	3	3	4	8	19	5	0
REVIEW	antenna-rf	TRFMC Antenna / RRU / RET / CPRI Port Mapping V4 Reality	/trfmc_antenna_rru_ret_cpri_port_mapping_v4_reality.html	frontend/public/trfmc_antenna_rru_ret_cpri_port_mapping_v4_reality.html	200	20777	YES	NO	PASS	25850	1	3	3	4	8	18	4	0
REVIEW	antenna-rf	TRFMC Antenna / RRU / RET / CPRI V5 Reality Asset Painter	/trfmc_antenna_rru_ret_cpri_port_mapping_v5_reality_asset.html	frontend/public/trfmc_antenna_rru_ret_cpri_port_mapping_v5_reality_asset.html	200	25796	YES	NO	PASS	30871	1	3	3	4	8	24	4	0
REVIEW	antenna-rf	TRFMC Antenna System Explorer STABLE CLEAN RECOVERY	/trfmc_antenna_system_explorer_STABLE_CLEAN_RECOVERY.html	frontend/public/trfmc_antenna_system_explorer_STABLE_CLEAN_RECOVERY.html	200	101023	YES	NO	PASS	111010	5	12	7	11	12	75	19	0
REVIEW	antenna-rf	TRFMC Antenna System Explorer V1.4 Instrument Grade	/trfmc_antenna_system_explorer_v14_instrument_grade.html	frontend/public/trfmc_antenna_system_explorer_v14_instrument_grade.html	200	42310	YES	NO	PASS	46960	5	11	6	7	12	39	3	0
REVIEW	antenna-rf	TRFMC Antenna System Explorer V1.5 Instrument Center	/trfmc_antenna_system_explorer_v15_instrument_center.html	frontend/public/trfmc_antenna_system_explorer_v15_instrument_center.html	200	64844	YES	NO	PASS	74097	5	11	6	8	13	63	10	0
REVIEW	antenna-rf	TRFMC Antenna System Explorer V1.6 Metrology Premium	/trfmc_antenna_system_explorer_v16_metrology_premium.html	frontend/public/trfmc_antenna_system_explorer_v16_metrology_premium.html	200	84874	YES	NO	PASS	93883	5	12	7	9	13	74	15	0
REVIEW	antenna-rf	TRFMC Antenna System Explorer V1.6R1 Metrology Premium Visible Antenna	/trfmc_antenna_system_explorer_v16r1_visible_antenna.html	frontend/public/trfmc_antenna_system_explorer_v16r1_visible_antenna.html	200	87077	YES	NO	PASS	96102	5	12	7	9	12	80	15	0
REVIEW	antenna-rf	TRFMC Antenna System Explorer V1.6R2 Clean Dock Layout	/trfmc_antenna_system_explorer_v16r2_clean_dock_layout.html	frontend/public/trfmc_antenna_system_explorer_v16r2_clean_dock_layout.html	200	101037	YES	NO	PASS	111027	5	12	7	11	12	75	19	0
REVIEW	antenna-rf	TRFMC Antenna System Explorer V1.7 Layout Lock Fullscreen	/trfmc_antenna_system_explorer_v17_layout_lock_fullscreen.html	frontend/public/trfmc_antenna_system_explorer_v17_layout_lock_fullscreen.html	200	124328	YES	NO	PASS	135791	5	12	7	13	11	75	21	0
REVIEW	5g-core-ran	TRFMC Converged RF + 5G NOC V1	/trfmc_converged_rf_5g_noc_v1.html	frontend/public/trfmc_converged_rf_5g_noc_v1.html	200	27295	YES	NO	PASS	29979	4	2	2	6	12	88	1	0
REVIEW	war-room	TRFMC 5G Core Network Live Ops Bridge	/trfmc_core_network_live_ops_bridge_v1.html	frontend/public/trfmc_core_network_live_ops_bridge_v1.html	200	16098	YES	NO	PASS	18078	2	1	1	7	6	58	2	0
REVIEW	antenna-rf	TRFMC Fiber / Fronthaul / OTDR Workbench V2	/trfmc_fiber_fronthaul_otdr_workbench_v2.html	frontend/public/trfmc_fiber_fronthaul_otdr_workbench_v2.html	200	16158	YES	NO	PASS	19026	1	3	3	4	8	0	4	0
REVIEW	signal-dsp	TRFMC GPU Visual Runtime Lab V2	/trfmc_gpu_visual_runtime_lab_v2.html	frontend/public/trfmc_gpu_visual_runtime_lab_v2.html	200	4813	YES	NO	PASS	8412	1	1	0	4	9	2	1	0
REVIEW	5g-core-ran	TRFMC Integration Control Room V2	/trfmc_integration_control_room.html	frontend/public/trfmc_integration_control_room.html	200	12908	YES	NO	PASS	133816	1	0	0	1	5	8	4	0
REVIEW	antenna-rf	TRFMC Integration Control Room V2	/trfmc_integration_control_room_v2.html	frontend/public/trfmc_integration_control_room_v2.html	200	3860	YES	NO	PASS	73611	2	0	0	1	1	0	3	0
REVIEW	3d-visual	TRFMC Master Digital Twin Console	/trfmc_master_digital_twin_console_v1.html	frontend/public/trfmc_master_digital_twin_console_v1.html	200	29805	YES	NO	PASS	34553	4	6	6	6	19	83	4	0
REVIEW	signal-dsp	TRFMC Measurement Chain DSP Engine V3	/trfmc_measurement_chain_dsp_engine_v3.html	frontend/public/trfmc_measurement_chain_dsp_engine_v3.html	200	20530	YES	NO	PASS	22589	4	8	8	6	12	39	1	0
REVIEW	antenna-rf	TRFMC Microwave Link Operations Center V2	/trfmc_microwave_link_operations_center_v2.html	frontend/public/trfmc_microwave_link_operations_center_v2.html	200	15466	YES	NO	PASS	17986	1	3	3	4	8	1	2	0
REVIEW	war-room	TRFMC V6R1 Flat	/trfmc_official_safe_entrypoint_v6r1_flat.html	frontend/public/trfmc_official_safe_entrypoint_v6r1_flat.html	200	6813	YES	NO	PASS	8701	1	0	0	1	0	20	4	1
REVIEW	3d-visual	TRFMC V6R2 Premium Instrument Console	/trfmc_official_safe_entrypoint_v6r2_premium_console.html	frontend/public/trfmc_official_safe_entrypoint_v6r2_premium_console.html	200	9627	YES	NO	PASS	11790	1	0	0	1	2	36	1	1
REVIEW	3d-visual	TRFMC V6R3 Command Center	/trfmc_official_safe_entrypoint_v6r3_command_center.html	frontend/public/trfmc_official_safe_entrypoint_v6r3_command_center.html	200	12831	YES	NO	PASS	16156	1	1	1	1	2	52	1	1
REVIEW	signal-dsp	TRFMC Portal Link Graph V1	/trfmc_portal_link_graph_v1.html	frontend/public/trfmc_portal_link_graph_v1.html	200	7284	YES	NO	PASS	10898	2	0	0	1	5	32	2	0
REVIEW	signal-dsp	TRFMC Real-Time FFT / Gapless Receiver Lab	/trfmc_realtime_fft_gapless_receiver_lab_v1.html	frontend/public/trfmc_realtime_fft_gapless_receiver_lab_v1.html	200	28067	YES	NO	PASS	31384	3	4	4	6	6	90	4	0
REVIEW	antenna-rf	TRFMC RF / Antenna Academy Wall V2 Premium	/trfmc_rf_antenna_academy_wall_v2_premium.html	frontend/public/trfmc_rf_antenna_academy_wall_v2_premium.html	200	31654	YES	NO	PASS	35717	2	4	4	6	6	22	4	0
REVIEW	antenna-rf	TRFMC RF Antenna Theory Engine V1	/trfmc_rf_antenna_theory_engine_v1.html	frontend/public/trfmc_rf_antenna_theory_engine_v1.html	200	19244	YES	NO	PASS	22346	2	4	4	6	6	22	3	0
REVIEW	3d-visual	TRFMC RF Metrology / Calibration Lab	/trfmc_rf_metrology_calibration_lab_v1.html	frontend/public/trfmc_rf_metrology_calibration_lab_v1.html	200	29646	YES	NO	PASS	33396	3	3	3	6	6	18	6	0
REVIEW	5g-core-ran	TRFMC RF Microwave Engineering - Smith Chart Lab	/trfmc_rf_microwave_engineering_v1.html	frontend/public/trfmc_rf_microwave_engineering_v1.html	200	27901	YES	NO	PASS	30256	2	2	2	6	10	7	3	0
REVIEW	5g-core-ran	TRFMC Runtime Hook Layer V1	/trfmc_runtime_hook_layer_v1.html	frontend/public/trfmc_runtime_hook_layer_v1.html	200	11332	YES	NO	PASS	17743	4	1	1	6	11	33	3	0
REVIEW	signal-dsp	TRFMC V6R4 Signal Intelligence Center	/trfmc_signal_intelligence_center_v1.html	frontend/public/trfmc_signal_intelligence_center_v1.html	200	26120	YES	NO	PASS	29946	3	4	4	6	6	59	4	0
REVIEW	war-room	TRFMC Unified Evidence Supervisor V4	/trfmc_unified_evidence_supervisor_v4.html	frontend/public/trfmc_unified_evidence_supervisor_v4.html	200	26894	YES	NO	PASS	28764	5	2	2	6	6	62	4	0
REVIEW	3d-visual	TRFMC Unified Instrument Shell Lab V1	/trfmc_unified_instrument_shell_lab_v1.html	frontend/public/trfmc_unified_instrument_shell_lab_v1.html	200	17581	YES	NO	PASS	19526	4	1	1	6	6	26	2	0
REVIEW	3d-visual	TRFMC Unified Instrument Shell Lab V2	/trfmc_unified_instrument_shell_lab_v2.html	frontend/public/trfmc_unified_instrument_shell_lab_v2.html	200	23417	YES	NO	PASS	25362	4	2	2	6	6	35	2	0
REVIEW	3d-visual	TRFMC Unified Matrix Room V3	/trfmc_unified_matrix_room_v3.html	frontend/public/trfmc_unified_matrix_room_v3.html	200	22546	YES	NO	PASS	24482	4	2	2	6	6	32	2	0
REVIEW	5g-core-ran	TRFMC Unified Navigation Shell V1	/trfmc_unified_navigation_shell_v1.html	frontend/public/trfmc_unified_navigation_shell_v1.html	200	17809	YES	NO	PASS	33159	2	1	1	6	18	33	5	0
REVIEW	antenna-rf	TRFMC Visual Master Preview V1	/trfmc_visual_master_preview_v1.html	frontend/public/trfmc_visual_master_preview_v1.html	200	8686	YES	NO	PASS	16627	2	1	1	1	5	1	4	0
REVIEW	signal-dsp	RF PRO v5.8.4 · UAV FHSS / Burst	/uav_fhss_v584.html	frontend/public/uav_fhss_v584.html	200	8533	YES	NO	PASS	8637	1	1	1	1	0	13	4	0
